name,algorithm,timestamp,reconstruction_error,mean_sparsity,train_time,K,T_0,max_iter,tol,folder_path,hsi,limit,correlation_threshold,keywords,D_init,hsi_sample,epochs
JasperRidge,ksvd,20260326_101653,0.00781597018602915,3.122,21.303603400010616,300,3,30,1e-06,,,,,,,,
IndianPines,k_svd,20260326_161718,0.054961124450722286,3.066,38.486049900064245,300,3,50,,,,,,,,,
MottField,k_svd,20260410_160502,2.5106309057446317,10.0081,553.5228946001735,256,10,30,,,,,,,,,
ASTER_Random_Diverse,from_spectral_library,20260410_181950,0.1820682678766703,13.0,67.02333840006031,,,,,C:\Users\omrim\Documents\FinalProject\raw\ecospeclib-all,<src.hsi.HSI object at 0x00000251465FA450>,256,0.9,,,,
Field_Targeted_Dict,from_spectral_library,20260410_200916,0.22150353841120982,7.0,0.9491523001343012,,,,,C:\Users\omrim\Documents\FinalProject\raw\ecospeclib-all,<src.hsi.HSI object at 0x000001EF132D75D0>,256,0.92,"['vegetation', 'soil', 'non-photosynthetic', 'grass', 'shrub', 'alfalfa']",,,
Field_Refined_Dict,from_spectral_library,20260410_201258,0.11327469229893687,37.0,3.747591800056398,,,,,C:\Users\omrim\Documents\FinalProject\raw\ecospeclib-all,<src.hsi.HSI object at 0x000001C6A5B13950>,512,0.97,"['vegetation', 'soil', 'grass', 'shrub', 'non-photosynthetic', 'mineral', 'alfalfa']",,,
Field_Hybrid_Refined,k_svd_hybrid,20260411_101815,0.004398885335301787,10.0,205.24667929997668,256,10,30,,,,,,,"[[0.07216878 0.01055249 0.02996007 ... 0.05609221 0.05438285 0.0708977 ]
 [0.07216878 0.01055249 0.02996007 ... 0.05609221 0.05438285 0.0708977 ]
 [0.07216878 0.01055249 0.02996007 ... 0.05609221 0.05438285 0.0708977 ]
 ...
 [0.07216878 0.14317565 0.03119368 ... 0.06984917 0.09500446 0.085045  ]
 [0.07216878 0.14317565 0.03085224 ... 0.06921304 0.09497404 0.0859091 ]
 [0.07216878 0.14317565 0.03035939 ... 0.06854528 0.09467232 0.08669572]]",,
Village_Hybrid_Refined,k_svd_hybrid,20260411_105919,0.00540176306346258,10.0,211.78072329983115,256,10,30,,,,,,,"[[0.01233003 0.07216878 0.0108772  ... 0.00621814 0.01391427 0.07626714]
 [0.01206218 0.07216878 0.01054087 ... 0.00719434 0.01416274 0.07776883]
 [0.01201848 0.07216878 0.01053364 ... 0.00865722 0.01428484 0.07833258]
 ...
 [0.02416749 0.07216878 0.01496107 ... 0.03110584 0.06910541 0.09223406]
 [0.02327446 0.07216878 0.01461779 ... 0.02957184 0.06902534 0.09251269]
 [0.02244529 0.07216878 0.01430091 ... 0.02821802 0.0691362  0.09289327]]",,
Village_Hybrid_Refined,k_svd_hybrid,20260411_112550,0.005619010992486633,10.0,206.74571439996362,256,10,30,,,,,,,"[[0.01233003 0.07216878 0.0168505  ... 0.01616746 0.03467608 0.2098102 ]
 [0.01206218 0.07216878 0.01674085 ... 0.01889997 0.0319332  0.2098102 ]
 [0.01201848 0.07216878 0.01628787 ... 0.0223109  0.03518553 0.2098102 ]
 ...
 [0.02416749 0.07216878 0.02389617 ... 0.04304862 0.02087073 0.0662008 ]
 [0.02327446 0.07216878 0.0240986  ... 0.0422594  0.01999512 0.0662008 ]
 [0.02244529 0.07216878 0.02423089 ... 0.04178643 0.02046627 0.0662008 ]]",,
field_hybrid_refined,k_svd_hybrid,20260411_114043,0.005863473402498961,10.0,213.21977389999665,256,10,30,,,,,,,"[[0.07235746 0.08137787 0.01098651 ... 0.03857768 0.05286206 0.02342953]
 [0.07235746 0.08137787 0.01085997 ... 0.03857768 0.05286206 0.02342953]
 [0.07235746 0.08137787 0.01107277 ... 0.03857768 0.05286206 0.02342953]
 ...
 [0.07235746 0.00077309 0.02185034 ... 0.06740252 0.08914253 0.05368509]
 [0.07235746 0.00077309 0.02096781 ... 0.06692814 0.08966066 0.05333196]
 [0.07235746 0.00077309 0.02035557 ... 0.06686036 0.08972298 0.05317044]]",,
village_hybrid_refined,k_svd_hybrid,20260411_114641,0.006697573162646556,10.0,206.14107829984277,256,10,30,,,,,,,"[[0.00519528 0.07235746 0.0158614  ... 0.00834302 0.00888407 0.04438023]
 [0.00531152 0.07235746 0.01566455 ... 0.00887994 0.00858121 0.04678801]
 [0.00542096 0.07235746 0.01572205 ... 0.00970495 0.00845173 0.04798652]
 ...
 [0.08345926 0.07235746 0.01878375 ... 0.03273849 0.00644471 0.09906114]
 [0.08261721 0.07235746 0.0180118  ... 0.03130905 0.00620586 0.0990549 ]
 [0.08181415 0.07235746 0.0175548  ... 0.0298107  0.00605178 0.09900162]]",,
forest_hybrid_refined,k_svd_hybrid,20260411_115053,0.007308302611120655,10.0,222.83078880002722,256,10,30,,,,,,,"[[0.07235746 0.00684077 0.00430903 ... 0.00913679 0.00917874 0.21027147]
 [0.07235746 0.00638083 0.00430903 ... 0.00933511 0.00909045 0.21027147]
 [0.07235746 0.00619879 0.00430903 ... 0.01135223 0.00937906 0.21027147]
 ...
 [0.07235746 0.01842679 0.15789207 ... 0.00493098 0.00933442 0.06634635]
 [0.07235746 0.01770762 0.15789207 ... 0.00475121 0.00896148 0.06634635]
 [0.07235746 0.01662231 0.15789207 ... 0.00440761 0.0085328  0.06634635]]",,
urban_hybrid_refined,k_svd_hybrid,20260411_115635,0.007215013476491629,10.0,210.66524549992755,256,10,30,,,,,,,"[[0.12853487 0.01447526 0.41935628 ... 0.05917297 0.07890043 0.48471052]
 [0.12853487 0.01447526 0.41935628 ... 0.05917297 0.07890043 0.48471052]
 [0.12853487 0.01447526 0.41935628 ... 0.05917297 0.07890043 0.48471052]
 ...
 [0.07066964 0.15559246 0.03982322 ... 0.10854522 0.04782463 0.01794568]
 [0.07066964 0.15559246 0.03982322 ... 0.10854522 0.04782463 0.01794568]
 [0.07066964 0.15559246 0.03982322 ... 0.10854522 0.04782463 0.01794568]]",,
lake_hybrid_refined,k_svd_hybrid,20260411_120211,0.005979878231472575,10.0,221.48870049999095,256,10,30,,,,,,,"[[0.01023023 0.07526225 0.00851812 ... 0.01699838 0.05460525 0.02342953]
 [0.00994607 0.07526225 0.0083182  ... 0.01699838 0.05460525 0.02342953]
 [0.0098353  0.07526225 0.0085778  ... 0.01699838 0.05460525 0.02342953]
 ...
 [0.01504564 0.07229405 0.03326309 ... 0.16612743 0.09558203 0.05368509]
 [0.01463376 0.07229405 0.03206073 ... 0.16475675 0.09534072 0.05333196]
 [0.01432155 0.07229405 0.03075001 ... 0.16393623 0.09527769 0.05317044]]",,
JasperRidge_MultiHSI_Global_Dict,k_svd,20260412_111822,1.0565206313667206,7.864104348660843,7141.1244426001795,256,10,50,,,,,,,,,
Field_Refined_Dict,from_spectral_library_targeted,20260412_125506,0.2724372177620277,6.0,77.4356830001343,,,,,C:\Users\omrim\Documents\FinalProject\raw\ecospeclib-all,<src.hsi.HSI object at 0x000001C18BB6C110>,512,0.97,"['vegetation', 'soil', 'grass', 'shrub', 'non-photosynthetic', 'mineral', 'alfalfa']",,,
Sequential_NN_Dict,learn_dictionary_nn_sequential,20260412_164118,4.199412e-07,256.0,276.7577008998487,256,,,,C:\Users\omrim\Documents\FinalProject\raw\JasperRidge\sections,,,,,,<src.hsi.HSI object at 0x0000016C1E852F10>,20
Field_Refined_Dict,from_spectral_library_targeted,20260412_200344,0.32952893539495,3.8728,66.68024419993162,,,,,C:\Users\omrim\Documents\FinalProject\raw\ecospeclib-all,<src.hsi.HSI object at 0x000001DF86B4EF50>,512,0.97,"['vegetation', 'soil', 'grass', 'shrub', 'non-photosynthetic', 'mineral', 'alfalfa']",,,
Field_Refined_Dict,from_spectral_library_targeted,20260412_200411,0.3927774972831529,3.8133333333333335,2.0847326999064535,,,,,C:\Users\omrim\Documents\FinalProject\raw\ecospeclib-all,<src.hsi.HSI object at 0x000002895CBE4190>,512,0.97,"['vegetation', 'soil', 'grass', 'shrub', 'non-photosynthetic', 'mineral', 'alfalfa']",,,
Field_Refined_Dict,from_spectral_library_targeted,20260412_200445,0.24145844019295248,5.84,2.1688806999009103,,,,,C:\Users\omrim\Documents\FinalProject\raw\ecospeclib-all,<src.hsi.HSI object at 0x000002A917F381D0>,512,0.97,"['vegetation', 'soil', 'grass', 'shrub', 'non-photosynthetic', 'mineral', 'alfalfa']",,,
ASTER_Paper_Hybrid,k_svd_aster_paper_hybrid,20260412_205254,0.0021197164316740535,191.0,83.00718310009688,191,3,50,,C:\Users\omrim\Documents\FinalProject\raw\ecospeclib-all,<src.hsi.HSI object at 0x000002407EFF0C90>,,,,,,
Spectral_Library_JasperRidge_k_svd,k_svd_from_spectral_library,20260413_095442,0.002094199327601275,191.0,192.04634190001525,191,3,50,,C:\Users\omrim\Documents\FinalProject\raw\ecospeclib-all,<src.hsi.HSI object at 0x0000013C92A49290>,,,,,,
Spectral_Library_MoffetField_k_svd,k_svd_from_spectral_library,20260413_095843,0.001953853157182745,192.0,137.09636770002544,192,3,50,,C:\Users\omrim\Documents\FinalProject\raw\ecospeclib-all,<src.hsi.HSI object at 0x0000022436F97150>,,,,,,
MoffetField,k_svd_from_spectral_library,20260413_101319,0.0020785544141583377,192.0,138.34098549978808,192,3,50,,C:\Users\omrim\Documents\FinalProject\raw\ecospeclib-all,<src.hsi.HSI object at 0x000001A4E9E84710>,,,,,,
JasperRidge,k_svd_from_spectral_library,20260413_102011,nan,0.0,42.99882229999639,191,3,50,,C:\Users\omrim\Documents\FinalProject\raw\ecospeclib-all,<src.hsi.HSI object at 0x000001BDB08A41D0>,,,,,,
JasperRidge,k_svd_from_spectral_library,20260413_102251,nan,0.0,44.0867953998968,191,3,50,,C:\Users\omrim\Documents\FinalProject\raw\ecospeclib-all,<src.hsi.HSI object at 0x000001B004FBD9D0>,,,,,,
JasperRidge,k_svd_from_spectral_library,20260413_102600,0.0020660062335942178,101.1345,126.45242520002648,191,3,50,,C:\Users\omrim\Documents\FinalProject\raw\ecospeclib-all,<src.hsi.HSI object at 0x000001EB8AEE7ED0>,,,,,,
MoffetField,k_svd_from_spectral_library,20260413_105536,0.002251667262498032,192.0,135.42675780015998,192,3,50,,C:\Users\omrim\Documents\FinalProject\raw\ecospeclib-all,<src.hsi.HSI object at 0x0000025A8BE78450>,,,,,,
Cuprite,k_svd,20260413_112325,0.7894386177899586,10.0064,518.2499208000954,256,10,30,,,,,,,,,
Cuprite,k_svd_from_spectral_library,20260413_112652,0.0015743520044667297,192.0,86.23085219995119,192,3,50,,C:\Users\omrim\Documents\FinalProject\raw\ecospeclib-all,<src.hsi.HSI object at 0x000001D397D4ADD0>,,,,,,
JasperRidge,k_svd_from_spectral_library,20260415_193059,0.10397544497171367,191.0,120.77232560000266,191,3,50,,C:\Users\omrim\Documents\FinalProject\raw\ecospeclib-all,<src.hsi.HSI object at 0x0000027A9A4D4090>,,,,,,
JasperRidge,k_svd_from_spectral_library,20260417_182816,0.2640679253807325,3.0,144.79402059997665,191,3,50,,C:\Users\omrim\Documents\FinalProject\raw\ecospeclib-all,<src.hsi.HSI object at 0x000002E05EAE4610>,,,,,,
JasperRidge,k_svd_from_spectral_library,20260419_084848,0.26387813244266123,3.0,187.99087640002836,191,3,50,,C:\Users\omrim\Documents\FinalProject\raw\ecospeclib-all,<src.hsi.HSI object at 0x000001FC5EE074D0>,,,,,,
JasperRidge,k_svd_from_spectral_library,20260419_204932,1.0000001095970503,0.0,112.47771210002247,191,3,50,,C:\Users\omrim\Documents\FinalProject\raw\ecospeclib-all,<src.hsi.HSI object at 0x00000180C18541D0>,,,,,,
JasperRidge,k_svd_from_spectral_library,20260420_113952,1.0000000400237454,0.0,69.90172090003034,191,3,50,,C:\Users\omrim\Documents\FinalProject\raw\ecospeclib-all,<src.hsi.HSI object at 0x000001E8E1FF41D0>,,,,,,
JasperRidge,k_svd_from_spectral_library,20260420_114743,1.0000000567964982,0.0,22.870330400008243,191,3,50,,C:\Users\omrim\Documents\FinalProject\raw\ecospeclib-all,<src.hsi.HSI object at 0x000001E8B6FCF150>,,,,,,
JasperRidge,k_svd_from_spectral_library,20260420_115028,0.24151062030239995,3.0,43.40299430000596,191,3,50,,C:\Users\omrim\Documents\FinalProject\raw\ecospeclib-all,<src.hsi.HSI object at 0x000001B43DA28F10>,,,,,,
JasperRidge,k_svd_from_spectral_library,20260420_115326,0.2421732292821529,3.0,18.03475629998138,191,3,50,,C:\Users\omrim\Documents\FinalProject\raw\ecospeclib-all,<src.hsi.HSI object at 0x000001D10FC27910>,,,,,,
JasperRidge,k_svd_from_spectral_library,20260420_115415,0.2422419395833184,3.0,21.91194830002496,191,3,50,,C:\Users\omrim\Documents\FinalProject\raw\ecospeclib-all,<src.hsi.HSI object at 0x000002A7308AC1D0>,,,,,,
Cuprite,k_svd,20260420_205257,0.029807724207957374,10.0114,461.0023530999897,256,10,30,,,,,,,,,
JasperRidge,k_svd,20260420_210300,0.007628462728093248,10.012,452.7861558999866,256,10,30,,,,,,,,,
Mixed,k_svd,20260422_095043,0.01999158261329047,10.302839116719243,18.634223800036125,256,10,30,,,,,,,,,
Mixed,k_svd,20260422_101835,0.028569106122707823,10.106796116504855,113.06959329999518,256,10,30,,,,,,,,,
Mixed,k_svd,20260423_172634,0.03749398894157084,10.207207207207206,11.88141299993731,256,10,30,,,,,,,,,
Mixed,k_svd,20260423_180532,0.05665191162452298,10.133416458852867,42.389905099989846,300,10,30,,,,,,,,,
Mixed,k_svd,20260423_181441,0.08550900847722634,9.569135802469136,67.17490480002016,512,10,30,,,,,,,,,
Mixed,k_svd,20260424_153612,6.733646727689185,3.045673076923077,83.15014219994191,512,3,30,,,,,,,,,
Mixed,k_svd,20260424_162544,4.1049059227393006,3.4161490683229814,8.215170999988914,256,3,30,,,,,,,,,
Mixed,k_svd,20260424_164015,7.025169427456059,3.4748427672955975,7.110464100027457,205,3,30,,,,,,,,,
Mixed,k_svd,20260424_170500,0.03199020904979728,3.0723039215686274,62.03311469999608,410,3,50,,,,,,,,,
Mixed,k_svd,20260425_110553,2.686495721389817,2.9051724137931036,97.2511547000613,410,3,50,,,,,,,,,
Mixed,k_svd,20260425_134131,0.019688386807424872,3.0425055928411635,30.900003899936564,410,3,50,,,,,,,,,
JasperRidge,k_svd,20260428_074827,0.030119721271573623,3.248987854251012,41.264287300175056,256,3,50,,,,,,,,,
JasperRidge ,k_svd,20260428_082550,0.20482604973706103,3.431297709923664,13.757611599983647,256,3,50,,,,,,,,,
JasperRidge ,k_svd,20260428_112254,7.0194829520378565,3.232421875,21.696383600123227,256,3,50,,,,,,,,,
Mixed ,k_svd,20260428_114648,0.047460299063515225,3.117585848074922,55.52723790006712,256,3,50,,,,,,,,,
Mixed ,k_svd,20260428_121807,0.07498699582379362,3.1285377358490565,44.115049300016835,256,3,50,,,,,,,,,
Mixed ,k_svd,20260428_122046,0.10763239773380957,3.2786458333333335,10.012308300007135,256,3,50,,,,,,,,,
Mixed ,k_svd,20260428_122238,0.033178967191974794,3.242603550295858,21.40746290003881,256,3,50,,,,,,,,,
Mixed ,k_svd,20260428_123423,0.12501934759733965,3.267190569744597,22.923977799946442,256,3,50,,,,,,,,,
Mixed ,k_svd,20260428_144922,0.030499842577920332,3.2467191601049867,10.69496940006502,256,3,50,,,,,,,,,
JasperRidge,k_svd,20260428_145209,0.036847140091707024,3.2534381139489192,15.799927100073546,256,3,50,,,,,,,,,
MoffetField,k_svd,20260428_145325,0.03478550408213468,3.2533333333333334,10.888433699961752,256,3,50,,,,,,,,,
Mixed,k_svd,20260428_145732,2.722675631237569,3.1241217798594847,41.1974218999967,256,3,50,,,,,,,,,
